n_clusters,db_index,silhouette_score
2,1.1334418545673524,0.39173240112220237
3,0.7973565254634458,0.44821550993825654
4,0.7016924608128342,0.5043525055676963
5,0.8235843897553735,0.4577337179750705
6,0.820123516633457,0.45255175083416027
7,0.8812809150646305,0.43924907694207804
8,0.9101038016513396,0.472600098465224
9,0.7549044674140287,0.5063779298424123
10,0.6417389353026441,0.5503679181780108
